<<<<<<< HEAD
-- Revised by Sharidan Barbza Feb 28, 2017
=======
-- Revised by Sharidan Barboza Feb 28, 2017
>>>>>>> sharibarboza
-- Data prepared by Laura Petrich, llorrain@ualberta.ca
-- Some tweet text transferred from @science on twitter.com
-- Published on Feb 4, 2017

insert into users values (1,'rnug','Ryan Nugent-Hopkins','rng@nhl.com','Edmonton',-7);
insert into users values (2,'jebe','Jordan Eberle','jeb@nhl.com','Edmonton',-7);
insert into users values (3,'cmcd','Connor McDavid','cmc@nhl.com','Edmonton',-7);
insert into users values (4,'mluc','Milan Lucic','mlu@nhl.com','Edmonton',-7);
insert into users values (5,'draf','Davood Rafiei','dr@UAwiter.com','Edmonton',-7);
insert into users values (6,'ldra','Leon Draisaitl','ldr@nhl.com','Edmonton',-7);
insert into users values (7,'pmar','Patrick Maroon','pma@nhl.com','Edmonton',-7);
insert into users values (8,'zkas','Zack Kassian','zka@nhl.com','Edmonton',-7);
insert into users values (9,'ctal','Cam Talbot','cta@nhl.com','Edmonton',-7);
insert into users values (10,'alar','Adam Larsoon','ala@nhl.com','Edmonton',-7);
insert into users values (11,'tpit','Tyler Pitlick','tpi@nhl.com','Edmonton',-7);
insert into users values (12,'bpou','Benoit Pouliot','bpo@nhl.com','Edmonton',-7);
insert into users values (13,'dnur','Darnell Nurse','dnu@nhl.com','Edmonton',-7);
insert into users values (14,'mben','Matt Benning','mbe@nhl.com','Edmonton',-7);
insert into users values (15,'okle','Oscar Klefbom','okl@nhl.com','Edmonton',-7);
insert into users values (16,'mlet','Mark Letestu','mle@nhl.com','Edmonton',-7);
insert into users values (17,'krus','Kris Russell','kru@nhl.com','Edmonton',-7);
insert into users values (18,'dcag','Drake Caggiula','dca@nhl.com','Edmonton',-7);
insert into users values (19,'asek','Andrej Sekera','ase@nhl.com','Edmonton',-7);
insert into users values (20,'egry','Eric Gryba','egr@nhl.com','Edmonton',-7);
insert into users values (21,'bdav','Brandon Davidson','bda@nhl.com','Edmonton',-7);
insert into users values (22,'afer','Andrew Ference','afe@nhl.com','Edmonton',-7);
insert into users values (23,'mhen','Matt Hendricks','mhe@nhl.com','Edmonton',-7);
insert into users values (24,'lbro','Laurent Brossoit','lbr@nhl.com','Edmonton',-7);
insert into users values (25,'jkha','Jujhar Khaira','jkh@nhl.com','Edmonton',-7);
insert into users values (26,'alan','Anton Lander','ala@nhl.com','Edmonton',-7);
insert into users values (27,'asle','Anton Slepyshev','asl@nhl.com','Edmonton',-7);
insert into users values (28,'lpak','Liro Pakarinen','lpa@nhl.com','Edmonton',-7);
insert into users values (29,'bhon','Bradley Honeyman','bho@ualberta.ca','Edmonton',-7);
insert into users values (30,'dalc','Dylan Alcock','dla@ualberta.ca','Edmonton',-7);
insert into users values (31,'erob','Evan Robertson','ero@ualberta.ca','Edmonton',-7);
insert into users values (32,'hyan','Hanwen Yang','hya@ualberta.ca','Edmonton',-7);
insert into users values (33,'jng','Jeremy Ng','jng@ualberta.ca','Edmonton',-7);
insert into users values (34,'jco','Jonah Cowan','jco@ualberta.ca','Edmonton',-7);
insert into users values (35,'jste','Jorid Steadman','jst@ualberta.ca','Edmonton',-7);
insert into users values (36,'kli','Ken Li','kli@ualberta.ca','Edmonton',-7);
insert into users values (37,'lpet','Laura Petrich','lpe@ualberta.ca','Edmonton',-7);
insert into users values (38,'morl','Margaret Orlick','mor@ualberta.ca','Edmonton',-7);
insert into users values (39,'oahm','Omar Ahmad','oah@ualberta.ca','Edmonton',-7);
insert into users values (40,'pwoo','Punam Woosaree','pwo@ualberta.ca','Edmonton',-7);
insert into users values (41,'rsau','Rene Sauve-Hoover','rsh@ualberta.ca','Edmonton',-7);
insert into users values (42,'sleb','Stanislav Lebedev','sle@ualberta.ca','Edmonton',-7);
insert into users values (43,'skae','Storm Kaefer','ska@ualberta.ca','Edmonton',-7);
insert into users values (44,'tsha','Thomas Shaker','tsh@ualberta.ca','Edmonton',-7);
insert into users values (45,'xyan','Xingyuan Yang','xya@ualberta.ca','Edmonton',-7);
insert into users values (46,'ywu','Yuandi Wu','ywu@ualberta.ca','Edmonton',-7);
insert into users values (47,'ygao','Yunzhi Gao','yga@ualberta.ca','Edmonton',-7);
insert into users values (48,'aher','Abdurahman Hersi','ahe@ualberta.ca','Edmonton',-7);
insert into users values (49,'amal','Adil Malik','ama@ualberta.ca','Edmonton',-7);
insert into users values (50,'arid','Alex Ridgway','ari@ualberta.ca','Edmonton',-7);
insert into users values (51,'agwa','Alex Gwak','agw@ualberta.ca','Edmonton',-7);
insert into users values (52,'aoze','Alexander Ozero','aoz@ualberta.ca','Edmonton',-7);
insert into users values (53,'awol','Amber Wolinski','awo@ualberta.ca','Edmonton',-7);
insert into users values (54,'agre','Amrinder Grewal','agr@ualberta.ca','Edmonton',-7);
insert into users values (55,'ahol','Ashley Holgate','aho@ualberta.ca','Edmonton',-7);
insert into users values (56,'acra','Austin Crapo','acr@ualberta.ca','Edmonton',-7);
insert into users values (57,'asoh','Ayesha Sohail','aso@ualberta.ca','Edmonton',-7);
insert into users values (58,'bmur','Brennan Murphy','bmu@ualberta.ca','Edmonton',-7);
insert into users values (59,'clee','Calvin Lee','cle@ualberta.ca','Edmonton',-7);
insert into users values (60,'cmci','Cam McIntyre','cmi@ualberta.ca','Edmonton',-7);
insert into users values (61,'cbin','Carolyn Binns','cbi@ualberta.ca','Edmonton',-7);
insert into users values (62,'clab','Cody Labrecque','cla@ualberta.ca','Edmonton',-7);
insert into users values (63,'ckus','Colin Kushniruk','cku@ualberta.ca','Edmonton',-7);
insert into users values (64,'ccho','Colin Choi','cch@ualberta.ca','Edmonton',-7);
insert into users values (65,'csin','Craig Singleton','csi@ualberta.ca','Edmonton',-7);
insert into users values (66,'dsun','Daniel Sunderman','dsu@ualberta.ca','Edmonton',-7);
insert into users values (67,'djor','Denby Jorgenson','djo@ualberta.ca','Edmonton',-7);
insert into users values (68,'dwai','Derrick Wai','dwa@ualberta.ca','Edmonton',-7);
insert into users values (69,'dhan','Donglin Han','dha@ualberta.ca','Edmonton',-7);
insert into users values (70,'etan','Eddy Tang','eta@ualberta.ca','Edmonton',-7);
insert into users values (71,'ehsu','Eric Hsueh','ehs@ualberta.ca','Edmonton',-7);
insert into users values (72,'fmac','Fady Machaalani','fma@ualberta.ca','Edmonton',-7);
insert into users values (73,'fshe','Fanjie Shen','fsh@ualberta.ca','Edmonton',-7);
insert into users values (74,'fmao','Fengyi Mao','mao@ualberta.ca','Edmonton',-7);
insert into users values (75,'hyus','Hamdi Yusuf','hyu@ualberta.ca','Edmonton',-7);
insert into users values (76,'hwu','Hao Wu','hwu@ualberta.ca','Edmonton',-7);
insert into users values (77,'hzhu','Haotian Zhu','hzh@ualberta.ca','Edmonton',-7);
insert into users values (78,'hrai','Harjot Rai','hra@ualberta.ca','Edmonton',-7);
insert into users values (79,'hbad','Hasan Badran','hba@ualberta.ca','Edmonton',-7);
insert into users values (80,'htru','Henry Truong','htr@ualberta.ca','Edmonton',-7);
insert into users values (81,'hzho','Hong Zhou','zho@ualberta.ca','Edmonton',-7);
insert into users values (82,'hdal','Hong Da Li','hdl@ualberta.ca','Edmonton',-7);
insert into users values (83,'igao','Irene Gao','iga@ualberta.ca','Edmonton',-7);
insert into users values (84,'ipan','Iris Pan','ipa@ualberta.ca','Edmonton',-7);
insert into users values (85,'ima','Ivan Ma','ima@ualberta.ca','Edmonton',-7);
insert into users values (86,'jbak','Jacob Bakker','jba@ualberta.ca','Edmonton',-7);
insert into users values (87,'jjoh','Jacob Johnson','jjo@ualberta.ca','Edmonton',-7);
insert into users values (88,'jaha','Jacqueline Han','jha@ualberta.ca','Edmonton',-7);
insert into users values (89,'jmar','Jacy Mark','jma@ualberta.ca','Edmonton',-7);
insert into users values (90,'jrou','Jeffrey Routledge','jro@ualberta.ca','Edmonton',-7);
insert into users values (91,'jjia','Jialuo Jiang','jji@ualberta.ca','Edmonton',-7);
insert into users values (92,'jqui','Jonah Quist','jqu@ualberta.ca','Edmonton',-7);
insert into users values (93,'jbar','Jonathan Barraclough','bar@ualberta.ca','Edmonton',-7);
insert into users values (94,'joha','Jorden Hansen','han@ualberta.ca','Edmonton',-7);
insert into users values (95,'yree','Yar Reech','yr@ualberta.ca','Edmonton',-7);
insert into users values (96,'kvon','Kiefer Von Gaza','kv@ualberta.ca','Edmonton',-7);
insert into users values (97,'lliu','Leo Liu','lli@ualberta.ca','Edmonton',-7);
insert into users values (98,'lma','Long Ma','lma@ualberta.ca','Edmonton',-7);
insert into users values (99,'lann','Lyndon Annetts','lan@ualberta.ca','Edmonton',-7);
insert into users values (100,'dbar','Denilson Barbosa','db@UAwiter.com','Edmonton',-7);
insert into users values (101,'mshe','Mahmuda Sheikh','msh@ualberta.ca','Edmonton',-7);
insert into users values (102,'mrya','Matthew Ryan','mry@ualberta.ca','Edmonton',-7);
insert into users values (103,'mbul','Melissa Buljubasic','mbu@ualberta.ca','Edmonton',-7);
insert into users values (104,'msen','Micah Seneshen','mse@ualberta.ca','Edmonton',-7);
insert into users values (105,'mgu','Micheal Nguyen','mng@ualberta.ca','Edmonton',-7);
insert into users values (106,'mli','Mingwei Li','mli@ualberta.ca','Edmonton',-7);
insert into users values (107,'nkry','Noah Kryzanowski','nkr@ualberta.ca','Edmonton',-7);
insert into users values (108,'opre','Olivier Preston','opr@ualberta.ca','Edmonton',-7);
insert into users values (109,'omcl','Owen McLeod','omc@ualberta.ca','St. Albert',-7);
insert into users values (110,'plew','Patrick Lewis','ple@ualberta.ca','Edmonton',-7);
insert into users values (111,'pli','Peixuan Li','pli@ualberta.ca','Edmonton',-7);
insert into users values (112,'pken','Peter Kenakin','pke@ualberta.ca','Edmonton',-7);
insert into users values (113,'rkha','Ritvik Khanna','rkh@ualberta.ca','Edmonton',-7);
insert into users values (114,'rzuo','Ruojin Zuo','rzu@ualberta.ca','Edmonton',-7);
insert into users values (115,'rper','Ryan Perez','rpe@ualberta.ca','Edmonton',-7);
insert into users values (116,'sber','Seth Bergen','sbe@ualberta.ca','Edmonton',-7);
insert into users values (117,'sbar','Sharidan Barboza','sba@ualberta.ca','Edmonton',-7);
insert into users values (118,'srei','Shaun Reiger','sre@ualberta.ca','Edmonton',-7);
insert into users values (119,'span','Shuaiqun Pan','spa@ualberta.ca','Edmonton',-7);
insert into users values (120,'sli','Shuyang Li','sli@ualberta.ca','Edmonton',-7);
insert into users values (121,'scha','Simon Chau','sch@ualberta.ca','Edmonton',-7);
insert into users values (122,'slu','Steven Lu','slu@ualberta.ca','Edmonton',-7);
insert into users values (123,'tyan','Taijie Yang','tya@ualberta.ca','Edmonton',-7);
insert into users values (124,'tsue','Tarence Suecroft','tsu@ualberta.ca','Edmonton',-7);
insert into users values (125,'tbos','Taylor Bos','tbo@ualberta.ca','Edmonton',-7);
insert into users values (126,'whan','Weihao Han','wha@ualberta.ca','Edmonton',-7);
insert into users values (127,'whod','William Hodgson','who@ualberta.ca','Edmonton',-7);
insert into users values (128,'wpar','Wyatt Paraharenka','wpa@ualberta.ca','Edmonton',-7);
insert into users values (129,'xgao','Xiaofei Gao','xga@ualberta.ca','Edmonton',-7);
insert into users values (130,'xiga','Xin Gao','gao@ualberta.ca','Edmonton',-7);
insert into users values (131,'xcha','Xinlei Chan','xch@ualberta.ca','Edmonton',-7);
insert into users values (132,'xtie','Xinran Tie','xti@ualberta.ca','Edmonton',-7);
insert into users values (133,'xzhu','Xinyi Zhuang','xzh@ualberta.ca','Edmonton',-7);
insert into users values (134,'xcao','Xuan Cao','xca@ualberta.ca','Edmonton',-7);
insert into users values (135,'xwu','Xuanyi Wu','awu@ualberta.ca','Edmonton',-7);
insert into users values (136,'yzha','Yi Zhang','yzh@ualberta.ca','Edmonton',-7);
insert into users values (137,'ywen','Yichen Wen','ywe@ualberta.ca','Edmonton',-7);
insert into users values (138,'yuxi','Yu Xi','yxi@ualberta.ca','Edmonton',-7);
insert into users values (139,'zgil','Zachary Gilchrist','zgi@ualberta.ca','Edmonton',-7);
insert into users values (140,'zspy','Zackery Spytx','zsp@ualberta.ca','Edmonton',-7);
insert into users values (141,'zli','Zhi Li','zli@ualberta.ca','Edmonton',-7);
insert into users values (142,'zzha','Zhipeng Zhang','zzh@ualberta.ca','Edmonton',-7);
insert into users values (143,'plu','Paul Lu','pl@UAwiter.com','Edmonton',-7);
insert into users values (144,'kwon','Ken Wong','kw@UAwiter.com','Edmonton',-7);
insert into users values (145,'mker','Marianne Kerolus','mk@UAwiter.com','Edmonton',-7);
insert into users values (146,'jhar','Janelle Harms','jh@UAwiter.com','Edmonton',-7);
insert into users values (147,'sahm','Sadaf Ahmed','sa@UAwiter.com','Edmonton',-7);
insert into users values (148,'ozal','Osmar Zalane','oz@UAwiter.com','Edmonton',-7);
insert into users values (149,'snad','Sarah Nadi','sn@UAwiter.com','Edmonton',-7);
insert into users values (150,'jyou','Jia-Huai You','jhy@UAwiter.com','Edmonton',-7);
insert into users values (151,'nray','Nilanjan Ray','nr@UAwiter.com','Edmonton',-7);
insert into users values (152,'rhay','Ryan Hayward','rh@UAwiter.com','Edmonton',-7);
insert into users values (153,'kali','Karim Ali','ka@UAwiter.com','Edmonton',-7);
insert into users values (154,'vbul','Vadim Bulitko','vb@UAwiter.com','Edmonton',-7);
insert into users values (155,'lste','Lorna Stewart','ls@UAwiter.com','Edmonton',-7);
insert into users values (156,'hhoo','H Hoover','hh@UAwiter.com','Edmonton',-7);
insert into users values (157,'hyan','Herbert Yang','hy@UAwiter.com','Edmonton',-7);
insert into users values (158,'eelm','Ehab Elmallah','ee@UAwiter.com','Edmonton',-7);
insert into users values (159,'dpim','Demian Pimentel','dp@UAwiter.com','Edmonton',-7);
insert into users values (160,'inik','Ioanis Nikolaidis','in@UAwiter.com','Edmonton',-7);
insert into users values (161,'dbar','Denilson Barbosa','db@UAwiter.com','Edmonton',-7);
insert into users values (162,'estr','Eleni Stroulia','es@UAwiter.com','Edmonton',-7);
insert into users values (163,'mbur','Michael Buro','mb@UAwiter.com','Edmonton',-7);
insert into users values (164,'ahin','Abram Hindle','ah@UAwiter.com','Edmonton',-7);
insert into users values (165,'hzha','Hong Zhang','hz@UAwiter.com','Edmonton',-7);
insert into users values (166,'abas','Anup Basu','ab@UAwiter.com','Edmonton',-7);
insert into users values (167,'mjag','Martin Jagersand','mj@UAwiter.com','Edmonton',-7);
insert into users values (168,'dsch','Dale Schuurmans','ds@UAwiter.com','Edmonton',-7);
insert into users values (169,'rgre','Russell Greiner','rg@UAwiter.com','Edmonton',-7);
insert into users values (170,'msal','M Salavatipour','ms@UAwiter.com','Edmonton',-7);
insert into users values (171,'slam','Scott Lamb','sl@pcgov.ca','Vancouver',-8);
insert into users values (172,'moli','Marc-Olivier Fortin','mof@pcgov.ca','Quebec',-5);
insert into users values (173,'lalg','Leona Aglukkaq','la@pcgov.ca','Iqaluit',-5);
insert into users values (174,'rbat','Robert Batherson','@pcgov.ca','Halifax',-4);
insert into users values (175,'wben','Wayne Benson','wb@pcgov.ca','Winnipeg',-6);
insert into users values (176,'rbra','Richard Bragdon','rb@pcgov.ca','Fredericton',-4);
insert into users values (177,'dcon','David Connelly','dc@pcgov.ca','Yellowknife',-7);
insert into users values (178,'cdoe','Chad Doerksen','cd@pcgov.ca','Regina',-6);
insert into users values (179,'sdol','Steven Dollansky','sd@pcgov.ca','Edmonton',-7);
insert into users values (180,'mell','Marilyn Elliot','me@pcgov.ca','Calgary',-7);
insert into users values (181,'mjoh','Matthew John','mj@pcgov.ca','Toronto',-5);
insert into users values (182,'kjoh','Kara Johnson','kj@pcgov.ca','Toronto',-5);
insert into users values (183,'smar','Serge Marcotte','sm@pcgov.ca','Quebec',-5);
insert into users values (184,'dnig','Don Nightingale','dn@pcgov.ca','Vancouver',-8);
insert into users values (185,'spoi','Sylvia Poirier','sp@pcgov.ca','Charlotetown',-4);
insert into users values (186,'jpre','Joe Preston','jp@pcgov.ca','Toronto',-5);
insert into users values (187,'mmue','Martin Mueller','mm@UAwiter.com','Edmonton',-7);
insert into users values (188,'ksul','Karl Sullivan','ks@pcgov.ca','St. Johns',-4);
insert into users values (189,'jyu','Jimmy Yu','jy@pcgov.ca','Quebec',-5);
insert into users values (190,'rboi','Randy Boissonnault','rb@libgov.ca','Edmonton',-7);
insert into users values (191,'kheh','Kent Hehr','kh@libgov.ca','Calgary',-5);
insert into users values (192,'hfry','Hedy Fry','hf@libgov.ca','Vancouver',-8);
insert into users values (193,'roue','Robert Ouellette','rfo@libgov.ca','Winnipeg',-6);
insert into users values (194,'mdec','Matt DeCourcey','md@libgov.ca','Fredericton',-4);
insert into users values (195,'sore','Seamus O-Regan','sr@libgov.ca','St. Johns',-4);
insert into users values (196,'mmcl','Michael McLeod','mm@libgov.ca','Yellowknife',-7);
insert into users values (197,'afil','Andy Fillmore','af@libgov.ca','Halifax',-4);
insert into users values (198,'jdab','Julie Dabrusin','jd@libgov.ca','Toronto',-5);
insert into users values (199,'scas','Sean Casey','sc@libgov.ca','Charlotetown',-4);
insert into users values (200,'jyve','Jean-Yves Duclos','jyd@libgov.ca','Quebec',-5);
insert into users values (201,'rgoo','Ralph Goodale','rg@libgov.ca','Regina',-6);
insert into users values (202,'lbag','Larry Bagnell','lb@libgov.ca','Whitehorse',-8);
insert into users values (203,'ldun','Linda Duncan','ld@ndpgov.ca','Edmonton',-7);
insert into users values (204,'ddav','Don Davies','dd@ndpgov.ca','Vancouver',-8);
insert into users values (205,'nash','Niki Ashton','na@ndpgov.ca','Winnipeg',-6);
insert into users values (206,'cang','Charlie Angus','ca@ndpgov.ca','Toronto',-5);
insert into users values (207,'tmul','Tom Mulcair','tm@ndpgov.ca','Quebec',-5);
insert into users values (208,'ewei','Erin Weir','ew@ndpgov.ca','Regina',-6);
insert into users values (209,'coli','Carlo Oliva','co@ualberta.ca','Edmonton',-7);
insert into users values (210,'cjir','Carrol Jirukal','cj@ualberta.ca','Edmonton',-7);
insert into users values (211,'jdoe','John Doe','jd@gmail.com','Ottawa',-5);


insert into follows values (1,2,'10-JAN-2015');
insert into follows values (2,1,'01-SEP-2015');
insert into follows values (59,12,'12-NOV-2014');
insert into follows values (142,1,'11-OCT-2016');
insert into follows values (66,19,'02-JUN-2015');
insert into follows values (88,17,'29-MAY-2016');
insert into follows values (73,11,'28-NOV-2014');
insert into follows values (77,141,'18-APR-2014');
insert into follows values (58,91,'01-DEC-2016');
insert into follows values (138,139,'15-FEB-2015');
insert into follows values (45,122,'24-AUG-2014');
insert into follows values (57,99,'06-MAY-2016');
insert into follows values (86,24,'19-OCT-2015');
insert into follows values (111,109,'14-MAR-2016');
insert into follows values (27,101,'26-JAN-2016');
insert into follows values (54,72,'11-JAN-2016');
insert into follows values (11,37,'15-FEB-2015');
insert into follows values (123,01,'09-OCT-2014');
insert into follows values (87,76,'24-NOV-2016');
insert into follows values (73,99,'31-DEC-2015');
insert into follows values (04,13,'06-MAR-2014');
insert into follows values (07,142,'08-APR-2016');
insert into follows values (99,111,'28-AUG-2015');
insert into follows values (83,23,'07-FEB-2014');
insert into follows values (27,46,'05-MAR-2016');
insert into follows values (76,84,'09-SEP-2015');
insert into follows values (142,51,'01-SEP-2014');
insert into follows values (133,77,'29-JUL-2016');
insert into follows values (107,43,'28-JUN-2015');
insert into follows values (65,23,'22-MAR-2014');
insert into follows values (23,57,'25-JAN-2013');
insert into follows values (58,32,'17-FEB-2012');
insert into follows values (82,78,'18-NOV-2011');
insert into follows values (16,32,'24-DEC-2013');
insert into follows values (11,107,'11-OCT-2012');
insert into follows values (18,109,'14-APR-2011');
insert into follows values (34,99,'08-MAY-2013');
insert into follows values (87,37,'14-AUG-2012');
insert into follows values (72,42,'20-DEC-2016');
insert into follows values (58,89,'23-DEC-2013');
insert into follows values (118,22,'22-JAN-2014');
insert into follows values (116,17,'27-MAR-2012');
insert into follows values (128,64,'30-JUN-2011');
insert into follows values (125,21,'28-APR-2016');
insert into follows values (110,79,'01-JUL-2013');
insert into follows values (82,44,'21-JUL-2012');
insert into follows values (90,76,'09-JUN-2015');
insert into follows values (05,42,'06-MAR-2016');
insert into follows values (50,139,'07-FEB-2013');
insert into follows values (44,126,'25-FEB-2011');
insert into follows values (55,129,'28-NOV-2014');
insert into follows values (66,77,'30-DEC-2013');
insert into follows values (77,64,'25-MAR-2012');
insert into follows values (88,16,'26-MAY-2016');
insert into follows values (99,34,'09-JUN-2013');
insert into follows values (33,68,'11-JUL-2011');
insert into follows values (22,31,'12-APR-2016');
insert into follows values (11,89,'13-AUG-2013');
insert into follows values (72,34,'14-SEP-2012');
insert into follows values (96,37,'15-OCT-2013');
insert into follows values (99,66,'16-SEP-2014');
insert into follows values (36,55,'17-OCT-2011');
insert into follows values (140,44,'18-NOV-2016');
insert into follows values (139,03,'01-DEC-2012');
insert into follows values (17,33,'22-MAR-2011');
insert into follows values (122,22,'23-MAY-2011');
insert into follows values (110,11,'24-JUN-2011');
insert into follows values (106,02,'25-NOV-2013');
insert into follows values (108,101,'26-DEC-2012');
insert into follows values (101,87,'30-JAN-2014');
insert into follows values (14,34,'27-JUN-2012');
insert into follows values (82,26,'03-OCT-2011');
insert into follows values (37,87,'04-OCT-2013');
insert into follows values (39,53,'02-SEP-2015');
insert into follows values (65,16,'28-OCT-2016');
insert into follows values (67,84,'25-DEC-2013');
insert into follows values (66,89,'08-NOV-2012');
insert into follows values (83,37,'26-JAN-2016');
insert into follows values (89,31,'11-JUL-2014');
insert into follows values (98,108,'28-AUG-2011');
insert into follows values (97,133,'27-SEP-2012');
insert into follows values (61,137,'06-MAY-2014');
insert into follows values (84,140,'01-APR-2012');
insert into follows values (15,23,'22-JUN-2015');
insert into follows values (103,26,'28-SEP-2016');
insert into follows values (2,37,'30-JAN-2014');
insert into follows values (3,37,'27-JUN-2012');
insert into follows values (4,37,'03-OCT-2011');
insert into follows values (5,37,'04-OCT-2013');
insert into follows values (6,37,'02-SEP-2015');
insert into follows values (7,37,'28-OCT-2016');
insert into follows values (8,37,'25-DEC-2013');
insert into follows values (9,37,'08-NOV-2012');
insert into follows values (10,37,'26-JAN-2016');
insert into follows values (200,137,'11-JUL-2014');
insert into follows values (12,37,'28-AUG-2011');
insert into follows values (13,37,'27-SEP-2012');
insert into follows values (14,37,'06-MAY-2014');
insert into follows values (15,37,'08-MAY-2015');
insert into follows values (16,37,'01-APR-2012');
insert into follows values (17,37,'22-JUN-2015');
insert into follows values (18,37,'28-SEP-2016');
insert into follows values (19,37,'09-OCT-2012');
insert into follows values (20,37,'09-OCT-2012');
insert into follows values (102,33,'09-OCT-2012');
insert into follows values (101,66,'19-DEC-2012');
insert into follows values (183,153,'18-JUL-2016');
insert into follows values (97,18,'12-AUG-2015');
insert into follows values (29,45,'11-SEP-2013');
insert into follows values (49,32,'18-JUN-2013');
insert into follows values (174,189,'04-JAN-2016');
insert into follows values (69,96,'07-FEB-2015');
insert into follows values (28,25,'22-MAR-2012');
insert into follows values (04,58,'29-MAY-2016');
insert into follows values (01,37,'21-JUN-2012');
insert into follows values (02,10,'11-JUL-2011');
insert into follows values (145,23,'06-MAR-2014');
insert into follows values (07,149,'08-APR-2016');
insert into follows values (70,11,'28-AUG-2015');
insert into follows values (83,156,'07-FEB-2014');
insert into follows values (169,46,'05-MAR-2016');
insert into follows values (76,144,'09-SEP-2015');
insert into follows values (143,51,'01-SEP-2014');
insert into follows values (158,77,'29-JUL-2016');
insert into follows values (70,58,'28-JUN-2015');
insert into follows values (65,144,'22-MAR-2014');
insert into follows values (148,57,'25-JAN-2013');
insert into follows values (58,165,'17-FEB-2012');
insert into follows values (166,78,'18-NOV-2011');
insert into follows values (16,152,'24-DEC-2013');
insert into follows values (70,07,'11-OCT-2012');
insert into follows values (18,161,'14-APR-2011');
insert into follows values (155,99,'08-MAY-2013');
insert into follows values (87,148,'14-AUG-2012');
insert into follows values (153,37,'17-OCT-2011');
insert into follows values (72,159,'20-DEC-2016');
insert into follows values (58,160,'23-DEC-2013');
insert into follows values (162,22,'22-JAN-2014');
insert into follows values (167,17,'27-MAR-2012');
insert into follows values (128,168,'30-JUN-2011');
insert into follows values (154,21,'28-APR-2016');
insert into follows values (155,79,'01-JUL-2013');
insert into follows values (8,17,'21-JUL-2012');
insert into follows values (168,76,'09-JUN-2015');
insert into follows values (05,160,'06-MAR-2016');
insert into follows values (161,139,'07-FEB-2013');
insert into follows values (44,158,'25-FEB-2011');
insert into follows values (159,37,'28-NOV-2014');
insert into follows values (66,152,'30-DEC-2013');
insert into follows values (153,64,'25-MAR-2012');
insert into follows values (88,149,'26-MAY-2016');
insert into follows values (148,34,'09-JUN-2013');
insert into follows values (33,147,'11-JUL-2011');
insert into follows values (147,31,'12-APR-2016');
insert into follows values (11,144,'13-AUG-2013');
insert into follows values (166,34,'14-SEP-2012');
insert into follows values (70,69,'15-OCT-2013');
insert into follows values (162,159,'16-SEP-2014');
insert into follows values (36,145,'17-OCT-2011');
insert into follows values (10,71,'19-DEC-2012');
insert into follows values (188,53,'18-JUL-2011');
insert into follows values (97,208,'12-AUG-2015');
insert into follows values (200,45,'11-SEP-2013');
insert into follows values (202,32,'18-JUN-2013');
insert into follows values (15,19,'04-JAN-2016');
insert into follows values (169,87,'07-FEB-2015');
insert into follows values (201,37,'22-MAR-2012');
insert into follows values (04,179,'29-MAY-2016');
insert into follows values (171,12,'21-JUN-2012');
insert into follows values (02,188,'11-JUL-2011');
insert into follows values (202,23,'06-MAR-2014');
insert into follows values (07,208,'08-APR-2016');
insert into follows values (196,111,'28-AUG-2015');
insert into follows values (173,156,'07-FEB-2014');
insert into follows values (169,207,'05-MAR-2016');
insert into follows values (205,144,'09-SEP-2015');
insert into follows values (143,194,'01-SEP-2014');
insert into follows values (181,77,'29-JUL-2016');
insert into follows values (17,76,'28-JUN-2015');
insert into follows values (177,144,'22-MAR-2014');
insert into follows values (148,201,'25-JAN-2013');
insert into follows values (200,37,'17-FEB-2012');
insert into follows values (166,171,'18-NOV-2011');
insert into follows values (188,152,'24-DEC-2013');
insert into follows values (17,189,'11-OCT-2012');
insert into follows values (182,161,'14-APR-2011');
insert into follows values (155,198,'08-MAY-2013');
insert into follows values (99,48,'14-AUG-2012');
insert into follows values (153,197,'17-OCT-2011');
insert into follows values (195,159,'20-DEC-2016');
insert into follows values (192,160,'23-DEC-2013');
insert into follows values (162,37,'22-JAN-2014');
insert into follows values (200,17,'27-MAR-2012');
insert into follows values (188,211,'22-JAN-2016');
insert into follows values (67,211,'27-MAR-2016');
insert into follows values (191,211,'30-JUN-2016');
insert into follows values (192,211,'28-APR-2016');
insert into follows values (193,211,'01-JUL-2016');
insert into follows values (194,211,'21-JUL-2016');
insert into follows values (195,211,'09-JUN-2016');
insert into follows values (196,211,'06-MAR-2016');
insert into follows values (197,211,'07-FEB-2016');
insert into follows values (198,211,'25-FEB-2016');
insert into follows values (19,211,'28-NOV-2016');
insert into follows values (200,211,'30-DEC-2016');
insert into follows values (201,211,'25-MAR-2016');
insert into follows values (88,211,'26-MAY-2016');
insert into follows values (99,211,'09-JUN-2016');
insert into follows values (33,211,'11-JUL-2016');
insert into follows values (22,211,'12-APR-2016');
insert into follows values (11,211,'13-AUG-2016');
insert into follows values (72,211,'14-SEP-2016');
insert into follows values (96,211,'15-OCT-2016');
insert into follows values (1,211,'10-JAN-2016');
insert into follows values (2,211,'01-SEP-2016');
insert into follows values (59,211,'12-NOV-2016');
insert into follows values (142,211,'11-OCT-2016');
insert into follows values (66,211,'02-JUN-2016');
insert into follows values (73,211,'28-NOV-2016');
insert into follows values (77,211,'18-APR-2016');
insert into follows values (58,211,'01-DEC-2016');
insert into follows values (138,211,'15-FEB-2016');
insert into follows values (45,211,'24-AUG-2016');
insert into follows values (57,211,'06-MAY-2016');
insert into follows values (86,211,'19-OCT-2016');
insert into follows values (27,211,'26-JAN-2016');
insert into follows values (54,211,'11-JAN-2016');
insert into follows values (111,211,'15-FEB-2016');
insert into follows values (123,211,'09-OCT-2016');
insert into follows values (87,211,'24-NOV-2016');
insert into follows values (147,211,'31-DEC-2016');
insert into follows values (04,211,'06-MAR-2016');
insert into follows values (07,211,'08-APR-2016');
insert into follows values (129,211,'28-AUG-2016');
insert into follows values (83,211,'07-FEB-2016');
insert into follows values (127,211,'05-MAR-2016');
insert into follows values (76,211,'09-SEP-2016');
insert into follows values (12,211,'01-SEP-2016');
insert into follows values (133,211,'29-JUL-2016');
insert into follows values (107,211,'28-JUN-2016');
insert into follows values (65,211,'22-MAR-2016');
insert into follows values (23,211,'25-JAN-2016');
insert into follows values (82,211,'18-NOV-2016');
insert into follows values (16,211,'24-DEC-2016');
insert into follows values (18,211,'14-APR-2016');
insert into follows values (34,211,'08-MAY-2016');
insert into follows values (187,211,'14-AUG-2016');
insert into follows values (94,211,'17-OCT-2016');
insert into follows values (172,211,'20-DEC-2016');
insert into follows values (158,211,'23-DEC-2016');
insert into follows values (118,211,'22-JAN-2016');
insert into follows values (116,211,'27-MAR-2016');
insert into follows values (128,211,'30-JUN-2016');
insert into follows values (125,211,'28-APR-2016');
insert into follows values (143,211,'29-OCT-2016');
insert into follows values (144,211,'12-JUN-2016');
insert into follows values (145,211,'26-MAY-2016');
insert into follows values (146,211,'21-NOV-2016');
insert into follows values (170,211,'11-APR-2016');
insert into follows values (149,211,'20-AUG-2016');
insert into follows values (150,211,'09-MAY-2016');
insert into follows values (151,211,'20-OCT-2016');
insert into follows values (152,211,'19-MAR-2016');
insert into follows values (153,211,'13-JAN-2016');
insert into follows values (154,211,'12-JAN-2016');
insert into follows values (155,211,'28-FEB-2016');
insert into follows values (156,211,'01-OCT-2016');
insert into follows values (157,211,'21-NOV-2016');
insert into follows values (159,211,'09-MAR-2016');
insert into follows values (160,211,'02-APR-2016');
insert into follows values (9,211,'17-AUG-2016');
insert into follows values (8,211,'18-FEB-2016');
insert into follows values (13,211,'25-JUL-2016');
insert into follows values (10,211,'23-JUN-2016');
insert into follows values (6,211,'20-MAR-2016');
insert into follows values (3,211,'28-JAN-2016');
insert into follows values (5,211,'11-FEB-2016');
insert into follows values (182,211,'19-NOV-2016');
insert into follows values (126,211,'24-APR-2016');
insert into follows values (211,1,'22-JAN-2016');
insert into follows values (211,2,'27-MAR-2016');
insert into follows values (211,3,'30-JUN-2016');
insert into follows values (211,206,'28-APR-2016');
insert into follows values (211,190,'01-JUL-2016');
insert into follows values (211,191,'21-JUL-2016');
insert into follows values (211,192,'09-JUN-2016');
insert into follows values (211,193,'06-MAR-2016');
insert into follows values (211,194,'07-FEB-2016');
insert into follows values (211,195,'25-FEB-2016');
insert into follows values (211,196,'28-NOV-2016');
insert into follows values (211,197,'30-DEC-2016');
insert into follows values (211,198,'25-MAR-2016');
insert into follows values (122,1,'22-FEB-2016');
insert into follows values (122,2,'27-JUN-2016');
insert into follows values (122,3,'30-JUL-2016');
insert into follows values (122,206,'28-OCT-2016');
insert into follows values (122,190,'01-DEC-2016');
insert into follows values (122,191,'21-AUG-2016');
insert into follows values (122,192,'09-SEP-2016');
insert into follows values (122,193,'06-JUN-2016');
insert into follows values (122,194,'07-MAR-2016');
insert into follows values (122,195,'25-JUN-2016');
insert into follows values (122,196,'28-DEC-2016');
insert into follows values (122,197,'30-JAN-2017');
insert into follows values (122,198,'25-AUG-2016');
insert into follows values (101,1,'28-FEB-2016');
insert into follows values (101,2,'21-JUN-2016');
insert into follows values (101,3,'14-JUL-2016');
insert into follows values (101,206,'29-OCT-2016');
insert into follows values (101,190,'05-DEC-2016');
insert into follows values (101,191,'22-AUG-2016');
insert into follows values (101,192,'10-SEP-2016');
insert into follows values (101,193,'09-JUN-2016');
insert into follows values (101,194,'18-MAR-2016');
insert into follows values (101,195,'29-JUN-2016');
insert into follows values (101,196,'29-DEC-2016');
insert into follows values (101,197,'31-JAN-2017');
insert into follows values (211,37,'01-AUG-2016');
insert into follows values (37,211,'02-MAY-2016');
insert into follows values (101,198,'26-AUG-2016');
insert into follows values (111,3,'29-MAY-2016');
insert into follows values (112,3,'21-JUN-2012');
insert into follows values (113,3,'11-JUL-2011');
insert into follows values (114,3,'06-MAR-2014');
insert into follows values (115,3,'08-APR-2016');
insert into follows values (116,3,'28-AUG-2015');
insert into follows values (117,3,'07-FEB-2014');
insert into follows values (118,3,'05-MAR-2016');
insert into follows values (119,3,'09-SEP-2015');
insert into follows values (120,3,'01-SEP-2014');
insert into follows values (121,3,'29-JUL-2016');
insert into follows values (145,3,'28-JUN-2015');
insert into follows values (123,3,'22-MAR-2014');
insert into follows values (124,3,'25-JAN-2013');
insert into follows values (125,3,'17-FEB-2012');
insert into follows values (125,118,'17-FEB-2012');
insert into follows values (126,3,'18-NOV-2011');
insert into follows values (127,3,'24-DEC-2013');
insert into follows values (128,3,'11-OCT-2012');
insert into follows values (129,3,'14-APR-2011');
insert into follows values (130,3,'08-MAY-2013');
insert into follows values (131,3,'14-AUG-2012');
insert into follows values (132,3,'17-OCT-2011');
insert into follows values (133,3,'20-DEC-2016');
insert into follows values (134,3,'23-DEC-2013');

insert into tweets values (1,1,'01-JAN-2017','Looking for a good book to read. Just finished lone #survivor', null);
insert into tweets values (2,6,'12-JAN-2017','#Edmonton #Oilers had a good game last night.',null);
insert into tweets values (3,29,'03-FEB-2017','RT today to win a chance to see the Ice Castles! #Edmonton',null);
insert into tweets values (4,29,'02-FEB-2017','GO #Edmonton #Oilers GO!',null);
insert into tweets values (5,138,'19-JAN-2017','The lights on campus are beautiful at night #UofA #Edmonton ',null);
insert into tweets values (6,37,'01-FEB-2017','Striving for ultimate simplicity results in intolerable complexity #JohnCook',null);
insert into tweets values (7,200,'02-FEB-2017','Looks like we are in for an early spring! #groundhog #2017',null);
insert into tweets values (8,211,'01-FEB-2017','Great news - Bill C-309 is headed to committee. #Canada',null);
insert into tweets values (9,199,'31-JAN-2017','Congrats, Dr.Bondar, on the 25th anniversary of the STS-042 #space mission.',null);
insert into tweets values (10,37,'27-JAN-2017','Corn diet turning wild hamsters into cannibals that devour their young #science',null);
insert into tweets values (11,211,'23-JAN-2017','Worlds largest collection of bananas is expanding to include potatoes. #banana' ,null);
insert into tweets values (12,37,'19-JAN-2017','Ants rely on the sun and their memories when walking backwards. #science',null);
insert into tweets values (13,111,'17-JAN-2017','Rain expected at Trumps inauguration; SS has banned umbrellas #weather' ,null);
insert into tweets values (14,112,'17-JAN-2017','Better bring your #poncho ',11);
insert into tweets values (15,55,'28-JAN-2017','Not the cute cuddly hamsters! #scary',5);
insert into tweets values (16,1,'05-JAN-2015','Today is National Bird Day! #tweettweet',null);
insert into tweets values (17,18,'04-MAR-2014','Feral cats cover over 99.8% of Australia according to some scientists. #science',null);
insert into tweets values (18,188,'19-JUN-2015','Estimated dinosaur eggs took 3 to 6 months to hatch #dinosaurs #science',null);
insert into tweets values (19,211,'31-DEC-2016','Leap Second makes 2016 one second longer. #happyNY #science',null);
insert into tweets values (20,3,'1-DEC-2016','AI system creates Christmas song from image of Christmas tree #merryxmas',null);
insert into tweets values (21,122,'2-DEC-2016','Science is awesome!',3);
insert into tweets values (22,112,'3-DEC-2016','Robot rock',3);
insert into tweets values (23,116,'1-DEC-2016','Merry Christmas!',3);
insert into tweets values (24,117,'2-DEC-2016','Time to decorate the tree!',3);
insert into tweets values (25,1,'31-DEC-2016','#happyNY',21);
insert into tweets values (26,99,'31-DEC-2016','#happyNY',21);
insert into tweets values (27,6,'31-DEC-2016','#happyNY',21);
insert into tweets values (28,208,'31-DEC-2016','#happyNY',21);
insert into tweets values (29,200,'31-DEC-2016','#happyNY',21);
insert into tweets values (30,58,'31-DEC-2016','#happyNY',21);
insert into tweets values (31,70,'31-DEC-2016','#happyNY',21);
insert into tweets values (32,40,'31-DEC-2016','#happyNY',21);
insert into tweets values (33,33,'31-DEC-2016','#happyNY',21);
insert into tweets values (34,201,'31-DEC-2016','#happyNY',21);
insert into tweets values (35,9,'31-DEC-2016','#happyNY',21);
insert into tweets values (36,90,'31-DEC-2016','#happyNY',21);
insert into tweets values (37,80,'31-DEC-2016','#happyNY',21);
insert into tweets values (38,38,'31-DEC-2016','#happyNY',21);
insert into tweets values (39,118,'31-DEC-2016','#happyNY',21);
insert into tweets values (40,127,'31-DEC-2016','#happyNY',21);
insert into tweets values (41,173,'31-DEC-2016','#happyNY',21);
insert into tweets values (42,144,'31-DEC-2016','#happyNY',21);
insert into tweets values (43,192,'31-DEC-2016','#happyNY',21);
insert into tweets values (44,188,'31-DEC-2016','#happyNY',21);
insert into tweets values (45,67,'31-DEC-2016','#happyNY',21);
insert into tweets values (46,198,'31-DEC-2016','#happyNY',21);
insert into tweets values (47,37,'27-NOV-2016','Common swift can fly for nearly ten consecutive months without landing #science',null);
insert into tweets values (48,5,'10-OCT-2016','MIT Engineers developing beaver-inspired wetsuits. #science',null);
insert into tweets values (49,11,'27-SEP-2016','Arthropod ancestor had mouth like Sarlacc from Star Wars #science #starwars',null);
insert into tweets values (50,37,'12-SEP-2016','Astronomers discover 63 unknown quasars from ancient universe #science #space',null);
insert into tweets values (51,37,'28-AUG-2016','Dragonfly 44 galaxy consists almost entirely of dark matter #science #space',null);
insert into tweets values (52,211,'20-JUL-2016','Potentially habitable rocky worlds orbiting ultracool dwarf star #space',null);
insert into tweets values (53,37,'20-JUL-2016','Hello new world! #science',21);
insert into tweets values (54,1,'28-JUN-2016','First species of giant centipede that walk underwater discovered #gross',null);
insert into tweets values (55,3,'27-JUN-2016','Foul-mouthed parrot may be used in murder trail.',null);
insert into tweets values (56,37,'27-MAY-2016','Kepler-62f might be able to sustain life #helloworld #science #space',null);
insert into tweets values (57,7,'27-MAY-2016','Hello new world!',37);
insert into tweets values (58,8,'28-MAY-2016','A new Earth?',37);
insert into tweets values (59,11,'28-MAY-2016','Life as we know it!',37);
insert into tweets values (60,20,'27-MAY-2016','Now we just need to get there.',37);
insert into tweets values (61,13,'28-MAY-2016','Rocket man...',37);
insert into tweets values (62,4,'28-MAY-2016','The possibilities are endless!',37);
insert into tweets values (63,2,'27-MAY-2016','One giant leap for mankind.',37);
insert into tweets values (64,211,'27-MAY-2016','Hello world! #space',37);
insert into tweets values (65,3,'27-APR-2016','New weevil named after Chewbacca. #starwars #science',null);
insert into tweets values (66,37,'27-APR-2016','Aaaaaaaaaaaaaaaarrrgh! Grrf. #starwars',3);
insert into tweets values (67,7,'6-MAR-2016','Hubble Telescope measured the farthest galaxy ever seen, galaxy GN-x11 #space',null);
insert into tweets values (68,8,'6-MAR-2016','NASA! Whoop whoop!',7);
insert into tweets values (69,37,'16-FEB-2016','Antarctic tardigrades revived after frozen for over 30 years#science #tardigrade',null);
insert into tweets values (70,211,'16-FEB-2016','My favorite species! #tardigrade',37);
insert into tweets values (71,118,'25-JAN-2016','Dandelions use latex to protect roots from hungry insect larvae. #science',null);
insert into tweets values (72,125,'16-FEB-2016','No wonder they are so difficult to get rid of!',18);

insert into hashtags values ('helloworld');
insert into hashtags values ('tardigrade');
insert into hashtags values ('gross');
insert into hashtags values ('survivor');
insert into hashtags values ('edmonton');
insert into hashtags values ('uofa');
insert into hashtags values ('johncook');
insert into hashtags values ('groundhog');
insert into hashtags values ('2017');
insert into hashtags values ('canada');
insert into hashtags values ('space');
insert into hashtags values ('science');
insert into hashtags values ('banana');
insert into hashtags values ('weather');
insert into hashtags values ('scary');
insert into hashtags values ('tweettweet');
insert into hashtags values ('dinosaurs');
insert into hashtags values ('happyNY');
insert into hashtags values ('merryxmas');
insert into hashtags values ('starwars');

insert into mentions values (69,'science');
insert into mentions values (70,'tardigrade');
insert into mentions values (69,'tardigrade');
insert into mentions values (67,'space');
insert into mentions values (64,'space');
insert into mentions values (56,'science');
insert into mentions values (56,'helloworld');
insert into mentions values (56,'space');
insert into mentions values (54,'gross');
insert into mentions values (48,'science');
insert into mentions values (49,'science');
insert into mentions values (49,'starwars');
insert into mentions values (65,'starwars');
insert into mentions values (65,'starwars');
insert into mentions values (65,'science');
insert into mentions values (50,'science');
insert into mentions values (51,'space');
insert into mentions values (52,'space');
insert into mentions values (53,'science');
insert into mentions values (51,'science');
insert into mentions values (1,'survivor');
insert into mentions values (2,'edmonton');
insert into mentions values (4,'edmonton');
insert into mentions values (5,'edmonton');
insert into mentions values (5,'uofa');
insert into mentions values (6,'johncook');
insert into mentions values (7,'groundhog');
insert into mentions values (7,'2017');
insert into mentions values (8,'canada');
insert into mentions values (9,'space');
insert into mentions values (10,'science');
insert into mentions values (11,'banana');
insert into mentions values (12,'science');
insert into mentions values (13,'weather');
insert into mentions values (15,'scary');
insert into mentions values (16,'tweettweet');
insert into mentions values (17,'science');
insert into mentions values (18,'science');
insert into mentions values (18,'dinosaurs');
insert into mentions values (25,'happyNY');
insert into mentions values (26,'science');
insert into mentions values (27,'happyNY');
insert into mentions values (28,'happyNY');
insert into mentions values (29,'happyNY');
insert into mentions values (30,'happyNY');
insert into mentions values (31,'happyNY');
insert into mentions values (32,'happyNY');
insert into mentions values (33,'happyNY');
insert into mentions values (34,'happyNY');
insert into mentions values (35,'happyNY');
insert into mentions values (36,'happyNY');
insert into mentions values (37,'happyNY');
insert into mentions values (38,'happyNY');
insert into mentions values (39,'happyNY');
insert into mentions values (40,'happyNY');
insert into mentions values (41,'happyNY');
insert into mentions values (42,'happyNY');
insert into mentions values (43,'happyNY');
insert into mentions values (44,'happyNY');
insert into mentions values (45,'happyNY');
insert into mentions values (46,'happyNY');
insert into mentions values (20,'merryxmas');
insert into mentions values (47,'science');

insert into retweets values (125,71,'25-JAN-2016');
insert into retweets values (1,69,'16-FEB-2016');
insert into retweets values (2,69,'16-FEB-2016');
insert into retweets values (11,69,'16-FEB-2016');
insert into retweets values (12,69,'16-FEB-2016');
insert into retweets values (13,69,'16-FEB-2016');
insert into retweets values (14,69,'16-FEB-2016');
insert into retweets values (15,69,'16-FEB-2016');
insert into retweets values (16,69,'16-FEB-2016');
insert into retweets values (17,69,'16-FEB-2016');
insert into retweets values (118,69,'16-FEB-2016');
insert into retweets values (116,69,'16-FEB-2016');
insert into retweets values (125,69,'16-FEB-2016');
insert into retweets values (177,69,'16-FEB-2016');
insert into retweets values (184,69,'16-FEB-2016');
insert into retweets values (189,69,'16-FEB-2016');
insert into retweets values (190,69,'16-FEB-2016');
insert into retweets values (112,69,'16-FEB-2016');
insert into retweets values (154,69,'16-FEB-2016');
insert into retweets values (166,69,'16-FEB-2016');
insert into retweets values (113,69,'16-FEB-2016');
insert into retweets values (183,69,'16-FEB-2016');
insert into retweets values (1,64,'27-APR-2016');
insert into retweets values (13,64,'27-APR-2016');
insert into retweets values (18,64,'27-APR-2016');
insert into retweets values (11,64,'27-APR-2016');
insert into retweets values (2,64,'27-APR-2016');
insert into retweets values (3,64,'28-APR-2016');
insert into retweets values (6,64,'27-APR-2016');
insert into retweets values (9,64,'28-APR-2016');
insert into retweets values (14,64,'27-APR-2016');
insert into retweets values (5,62,'28-MAY-2016');
insert into retweets values (5,13,'14-JAN-2017');
insert into retweets values (3,7,'02-FEB-2017');
insert into retweets values (188,3,'03-FEB-2017');
insert into retweets values (133,10,'24-JAN-2017');
<<<<<<< HEAD
insert into retweets values (37,53,'20-JUL-2016');
=======
insert into retweets values (37,52,'20-JUL-2016');
>>>>>>> sharibarboza
insert into retweets values (99,54,'23-JAN-2017');
insert into retweets values (11,54,'24-JAN-2017');
insert into retweets values (162,52,'20-JAN-2017');
insert into retweets values (3,10,'27-JAN-2017');
insert into retweets values (211,13,'17-JAN-2017');
insert into retweets values (2,16,'5-JAN-2015');
insert into retweets values (193,18,'20-JUN-2015');
insert into retweets values (37,18,'20-JUN-2015');
<<<<<<< HEAD
insert into retweets values (1,25,'31-DEC-2016');
=======
insert into retweets values (1,24,'31-DEC-2016');
>>>>>>> sharibarboza
insert into retweets values (99,25,'31-DEC-2016');
insert into retweets values (06,25,'31-DEC-2016');
insert into retweets values (208,25,'31-DEC-2016');
insert into retweets values (200,25,'31-DEC-2016');
insert into retweets values (58,25,'31-DEC-2016');
insert into retweets values (70,25,'31-DEC-2016');
insert into retweets values (40,25,'31-DEC-2016');
insert into retweets values (33,25,'31-DEC-2016');
insert into retweets values (201,25,'31-DEC-2016');
insert into retweets values (9,25,'31-DEC-2016');
insert into retweets values (90,25,'31-DEC-2016');
insert into retweets values (80,25,'31-DEC-2016');
insert into retweets values (38,25,'31-DEC-2016');
insert into retweets values (118,25,'31-DEC-2016');
insert into retweets values (127,25,'31-DEC-2016');
insert into retweets values (173,25,'31-DEC-2016');
insert into retweets values (144,25,'31-DEC-2016');
insert into retweets values (192,25,'31-DEC-2016');
insert into retweets values (188,25,'31-DEC-2016');
insert into retweets values (67,25,'31-DEC-2016');
insert into retweets values (198,25,'31-DEC-2016');
insert into retweets values (1,15,'28-JAN-2017');
insert into retweets values (2,15,'28-JAN-2017');
insert into retweets values (4,15,'28-JAN-2017');
insert into retweets values (5,15,'28-JAN-2017');
insert into retweets values (6,15,'28-JAN-2017');
insert into retweets values (7,15,'28-JAN-2017');
insert into retweets values (8,15,'28-JAN-2017');
insert into retweets values (9,15,'28-JAN-2017');
insert into retweets values (10,15,'28-JAN-2017');
insert into retweets values (11,10,'28-JAN-2017');
insert into retweets values (12,10,'28-JAN-2017');
insert into retweets values (13,10,'28-JAN-2017');
insert into retweets values (14,10,'28-JAN-2017');
insert into retweets values (15,10,'28-JAN-2017');
insert into retweets values (16,10,'28-JAN-2017');
insert into retweets values (17,10,'28-JAN-2017');
insert into retweets values (18,10,'28-JAN-2017');
insert into retweets values (19,10,'28-JAN-2017');
insert into retweets values (20,10,'28-JAN-2017');
insert into retweets values (131,20,'2-DEC-2016');
insert into retweets values (111,20,'2-DEC-2016');
insert into retweets values (112,20,'1-DEC-2016');
insert into retweets values (113,20,'1-DEC-2016');
insert into retweets values (114,20,'3-DEC-2016');
insert into retweets values (115,20,'1-DEC-2016');
insert into retweets values (116,20,'1-DEC-2016');
insert into retweets values (117,20,'4-DEC-2016');
insert into retweets values (118,20,'1-DEC-2016');
insert into retweets values (119,20,'1-DEC-2016');
insert into retweets values (120,20,'5-DEC-2016');
insert into retweets values (121,20,'1-DEC-2016');
insert into retweets values (122,20,'2-DEC-2016');
insert into retweets values (123,20,'1-DEC-2016');
insert into retweets values (124,20,'3-DEC-2016');
insert into retweets values (125,20,'1-DEC-2016');
insert into retweets values (126,20,'4-DEC-2016');
insert into retweets values (127,20,'1-DEC-2016');
insert into retweets values (128,20,'2-DEC-2016');
insert into retweets values (129,20,'2-DEC-2016');
insert into retweets values (130,20,'2-DEC-2016');
insert into retweets values (6,48,'10-OCT-2016');
insert into retweets values (12,51,'28-AUG-2016');
insert into retweets values (13,51,'28-AUG-2016');
insert into retweets values (14,51,'28-AUG-2016');
insert into retweets values (15,51,'28-AUG-2016');
insert into retweets values (16,51,'28-AUG-2016');
insert into retweets values (17,51,'28-AUG-2016');
insert into retweets values (18,51,'28-AUG-2016');
insert into retweets values (19,51,'28-AUG-2016');
insert into retweets values (20,51,'28-AUG-2016');
insert into retweets values (21,51,'28-AUG-2016');
insert into retweets values (22,51,'28-AUG-2016');

insert into lists values ('nhl players',5);
insert into lists values ('291 students',37);
insert into lists values ('cmput profs',37);
insert into lists values ('pc',5);
insert into lists values ('liberal',5);
insert into lists values ('ndp',5);
insert into lists values ('ilovescience',5);

insert into includes values ('ilovescience',10);
insert into includes values ('ilovescience',11);
insert into includes values ('ilovescience',12);
insert into includes values ('ilovescience',13);
insert into includes values ('ilovescience',14);
insert into includes values ('ilovescience',15);
insert into includes values ('ilovescience',16);
insert into includes values ('ilovescience',17);
insert into includes values ('ilovescience',18);
insert into includes values ('ilovescience',19);
insert into includes values ('ilovescience',20);
insert into includes values ('ilovescience',21);
insert into includes values ('ilovescience',22);
insert into includes values ('ilovescience',23);
insert into includes values ('ilovescience',24);
insert into includes values ('ilovescience',25);
insert into includes values ('ilovescience',26);
insert into includes values ('ilovescience',211);
insert into includes values ('nhl players',1);
insert into includes values ('nhl players',2);
insert into includes values ('nhl players',3);
insert into includes values ('nhl players',4);
insert into includes values ('nhl players',6);
insert into includes values ('nhl players',7);
insert into includes values ('nhl players',8);
insert into includes values ('nhl players',9);
insert into includes values ('nhl players',10);
insert into includes values ('nhl players',11);
insert into includes values ('nhl players',12);
insert into includes values ('nhl players',13);
insert into includes values ('nhl players',14);
insert into includes values ('nhl players',15);
insert into includes values ('nhl players',16);
insert into includes values ('nhl players',17);
insert into includes values ('nhl players',18);
insert into includes values ('nhl players',19);
insert into includes values ('nhl players',20);
insert into includes values ('nhl players',21);
insert into includes values ('nhl players',22);
insert into includes values ('nhl players',23);
insert into includes values ('nhl players',24);
insert into includes values ('nhl players',25);
insert into includes values ('nhl players',26);
insert into includes values ('nhl players',27);
insert into includes values ('nhl players',28);
insert into includes values ('291 students',29);
insert into includes values ('291 students',30);
insert into includes values ('291 students',31);
insert into includes values ('291 students',32);
insert into includes values ('291 students',33);
insert into includes values ('291 students',34);
insert into includes values ('291 students',35);
insert into includes values ('291 students',36);
insert into includes values ('291 students',37);
insert into includes values ('291 students',38);
insert into includes values ('291 students',39);
insert into includes values ('291 students',40);
insert into includes values ('291 students',41);
insert into includes values ('291 students',42);
insert into includes values ('291 students',43);
insert into includes values ('291 students',44);
insert into includes values ('291 students',45);
insert into includes values ('291 students',46);
insert into includes values ('291 students',47);
insert into includes values ('291 students',48);
insert into includes values ('291 students',49);
insert into includes values ('291 students',50);
insert into includes values ('291 students',51);
insert into includes values ('291 students',52);
insert into includes values ('291 students',53);
insert into includes values ('291 students',54);
insert into includes values ('291 students',55);
insert into includes values ('291 students',56);
insert into includes values ('291 students',57);
insert into includes values ('291 students',58);
insert into includes values ('291 students',59);
insert into includes values ('291 students',60);
insert into includes values ('291 students',61);
insert into includes values ('291 students',62);
insert into includes values ('291 students',63);
insert into includes values ('291 students',64);
insert into includes values ('291 students',65);
insert into includes values ('291 students',66);
insert into includes values ('291 students',67);
insert into includes values ('291 students',68);
insert into includes values ('291 students',69);
insert into includes values ('291 students',70);
insert into includes values ('291 students',71);
insert into includes values ('291 students',72);
insert into includes values ('291 students',73);
insert into includes values ('291 students',74);
insert into includes values ('291 students',75);
insert into includes values ('291 students',76);
insert into includes values ('291 students',77);
insert into includes values ('291 students',78);
insert into includes values ('291 students',79);
insert into includes values ('291 students',80);
insert into includes values ('291 students',81);
insert into includes values ('291 students',82);
insert into includes values ('291 students',83);
insert into includes values ('291 students',84);
insert into includes values ('291 students',85);
insert into includes values ('291 students',86);
insert into includes values ('291 students',87);
insert into includes values ('291 students',88);
insert into includes values ('291 students',89);
insert into includes values ('291 students',90);
insert into includes values ('291 students',91);
insert into includes values ('291 students',92);
insert into includes values ('291 students',93);
insert into includes values ('291 students',94);
insert into includes values ('291 students',95);
insert into includes values ('291 students',96);
insert into includes values ('291 students',97);
insert into includes values ('291 students',98);
insert into includes values ('291 students',99);
insert into includes values ('291 students',101);
insert into includes values ('291 students',102);
insert into includes values ('291 students',103);
insert into includes values ('291 students',104);
insert into includes values ('291 students',105);
insert into includes values ('291 students',106);
insert into includes values ('291 students',107);
insert into includes values ('291 students',108);
insert into includes values ('291 students',109);
insert into includes values ('291 students',111);
insert into includes values ('291 students',112);
insert into includes values ('291 students',113);
insert into includes values ('291 students',114);
insert into includes values ('291 students',115);
insert into includes values ('291 students',116);
insert into includes values ('291 students',117);
insert into includes values ('291 students',118);
insert into includes values ('291 students',119);
insert into includes values ('291 students',120);
insert into includes values ('291 students',121);
insert into includes values ('291 students',122);
insert into includes values ('291 students',123);
insert into includes values ('291 students',124);
insert into includes values ('291 students',125);
insert into includes values ('291 students',126);
insert into includes values ('291 students',127);
insert into includes values ('291 students',128);
insert into includes values ('291 students',129);
insert into includes values ('291 students',130);
insert into includes values ('291 students',131);
insert into includes values ('291 students',132);
insert into includes values ('291 students',133);
insert into includes values ('291 students',134);
insert into includes values ('291 students',135);
insert into includes values ('291 students',136);
insert into includes values ('291 students',137);
insert into includes values ('291 students',138);
insert into includes values ('291 students',139);
insert into includes values ('291 students',140);
insert into includes values ('291 students',141);
insert into includes values ('291 students',142);
insert into includes values ('cmput profs',5);
insert into includes values ('cmput profs',143);
insert into includes values ('cmput profs',144);
insert into includes values ('cmput profs',145);
insert into includes values ('cmput profs',146);
insert into includes values ('cmput profs',147);
insert into includes values ('cmput profs',148);
insert into includes values ('cmput profs',149);
insert into includes values ('cmput profs',150);
insert into includes values ('cmput profs',151);
insert into includes values ('cmput profs',152);
insert into includes values ('cmput profs',153);
insert into includes values ('cmput profs',154);
insert into includes values ('cmput profs',155);
insert into includes values ('cmput profs',156);
insert into includes values ('cmput profs',157);
insert into includes values ('cmput profs',158);
insert into includes values ('cmput profs',159);
insert into includes values ('cmput profs',160);
insert into includes values ('cmput profs',161);
insert into includes values ('cmput profs',162);
insert into includes values ('cmput profs',163);
insert into includes values ('cmput profs',164);
insert into includes values ('cmput profs',165);
insert into includes values ('cmput profs',166);
insert into includes values ('cmput profs',167);
insert into includes values ('cmput profs',168);
insert into includes values ('cmput profs',169);
insert into includes values ('cmput profs',170);
insert into includes values ('pc',171);
insert into includes values ('pc',172);
insert into includes values ('pc',173);
insert into includes values ('pc',174);
insert into includes values ('pc',175);
insert into includes values ('pc',176);
insert into includes values ('pc',177);
insert into includes values ('pc',178);
insert into includes values ('pc',179);
insert into includes values ('pc',180);
insert into includes values ('pc',181);
insert into includes values ('pc',182);
insert into includes values ('pc',183);
insert into includes values ('pc',184);
insert into includes values ('pc',185);
insert into includes values ('pc',186);
insert into includes values ('pc',187);
insert into includes values ('pc',188);
insert into includes values ('pc',189);
insert into includes values ('liberal',190);
insert into includes values ('liberal',191);
insert into includes values ('liberal',192);
insert into includes values ('liberal',193);
insert into includes values ('liberal',194);
insert into includes values ('liberal',195);
insert into includes values ('liberal',196);
insert into includes values ('liberal',197);
insert into includes values ('liberal',198);
insert into includes values ('liberal',199);
insert into includes values ('liberal',200);
insert into includes values ('liberal',201);
insert into includes values ('liberal',202);
insert into includes values ('ndp',203);
insert into includes values ('ndp',204);
insert into includes values ('ndp',205);
insert into includes values ('ndp',206);
insert into includes values ('ndp',207);
insert into includes values ('ndp',208);
